{
    "idSave": 19418,
    "isFirstSession": false,
    "language": "ru",
    "promptDone": false,
    "money": 1,
    "newPlayerName": "Hello!",
    "openLevels": [
        false,
        true,
        false
    ],
    "Times": [
        0.0,
        7.7475385665893559,
        65.31245422363281,
        39.574649810791019,
        59.75973892211914,
        49.93179702758789,
        73.87564849853516,
        60.36549758911133,
        48.10296630859375,
        60.18174362182617,
        76.65644073486328,
        69.36091613769531,
        68.75354766845703,
        86.02978515625,
        75.1568374633789,
        77.457763671875,
        63.7308235168457,
        63.870548248291019,
        77.07030487060547,
        119.11957550048828,
        130.55189514160157,
        82.68328094482422,
        0.0,
        0.0,
        0.0,
        0.0,
        0.0,
        0.0,
        0.0,
        0.0,
        0.0,
        0.0,
        0.0,
        0.0,
        0.0,
        0.0,
        0.0,
        0.0,
        0.0,
        0.0,
        0.0,
        38.016441345214847,
        176.10543823242188,
        0.0,
        0.0,
        0.0,
        0.0,
        0.0,
        0.0,
        0.0,
        206.51614379882813,
        0.0,
        0.0,
        0.0,
        0.0,
        0.0,
        0.0,
        0.0,
        0.0,
        0.0,
        0.0,
        0.0,
        0.0,
        0.0,
        0.0,
        0.0,
        0.0,
        0.0,
        0.0,
        0.0,
        0.0
    ],
    "Gold": 9898,
    "ExtraTime": 0,
    "ExtraStun": 0,
    "CooldownPaint": 0,
    "ChanceLuck": 0,
    "ChanceRemoveTime": 0,
    "ExtraCharge": 0,
    "IndexLanguage": 0,
    "LevelIndex": 23,
    "LevelNumber": 22,
    "MasterVolume": 1.0,
    "MusicVolume": 0.14430315792560578,
    "EffectsVolume": 1.0,
    "OffsetFigureHorizontal": 2.7250750064849855,
    "OffsetFigureVertical": 0.800000011920929,
    "OffsetPaintLeftHorizontal": -2.1998705863952638,
    "OffsetPaintLeftVertical": -1.6438541412353516,
    "OffsetPaintRightHorizontal": -0.9393405914306641,
    "OffsetPaintRightVertical": -0.14996176958084107,
    "IsBuy": false,
    "IsDesktop": true,
    "IsFirstEntrance": false
}